"fixed acidity";"volatile acidity";"citric acid";"residual sugar";"chlorides";"free sulfur dioxide";"total sulfur dioxide";"density";"pH";"sulphates";"alcohol";"quality"
7;0.27;0.36;20.7;0.045;45;170;1.001;3;0.45;8.8;6
6.6;0.25;0.3;14.4;0.052;40;183;0.998;3.02;0.5;9.1;6
8;0.25;0.13;17.2;0.036;49;219;0.9996;2.96;0.46;9.7;5
8.3;0.25;0.33;2.5;0.053;12;72;0.99404;2.89;0.48;9.5;5
6.8;0.18;0.28;9.8;0.039;29;113;0.99406;3.11;0.45;10.9;7
6.8;0.17;0.34;2;0.04;38;111;0.99;3.24;0.45;12.9;6
8.1;0.27;0.33;1.3;0.045;26;100;0.99066;2.98;0.44;12.4;6
8;0.33;0.35;10;0.035;22;108;0.99457;3.12;0.36;11.6;6